Tendencia;Parámetro;Porcentaje o Dato;Fuente
Computación en el Borde;Adopción de Edge-as-a-Service;45% de las empresas adoptarán este modelo en 2024.;Tech Research Online
;Integración Edge-Cloud;El 60% de las empresas priorizarán la integración entre servicios cloud y edge para reducir la latencia y mejorar la eficiencia de datos.;Tech Research Online
;Seguridad en Edge Computing;El costo promedio de brechas de datos aumentó a $4.45 millones, llevando a un enfoque creciente en la seguridad edge.;IBM a través de Tech Research Online
;Adopción de 5G en Edge;La adopción de redes 5G está aumentando un 35% año tras año, impulsando nuevos casos de uso en el borde.;Tech Research Online
;Crecimiento en IoT con Edge;Se espera que un 75% de dispositivos IoT utilicen procesamiento en el borde para 2025.;Tech Monitor
;Optimización en Análisis de Datos;El 80% de los datos generados serán procesados en el borde para 2025, reduciendo la carga en la nube central.;IEEE
;Impacto en Latencia;Reducción de latencia promedio del 30-50% en aplicaciones críticas como vehículos autónomos y manufactura inteligente.;IEEE
;Inversiones en Infraestructura Edge;Se estima un gasto de $250 mil millones en infraestructura de edge computing para 2024.;Tech Monitor
;Sostenibilidad;Las soluciones edge reducirán el consumo energético en centros de datos en un 25%.;Tech Research Online
;Autonomía en el Borde;Aumento del 40% en soluciones de dispositivos con autonomía inteligente gracias al procesamiento local.;IEEE
;Implementación en el Retail;Más del 50% de los minoristas implementarán soluciones edge para mejorar la experiencia del cliente.;Tech Monitor
;Ciberseguridad basada en IA;El 65% de las soluciones de ciberseguridad edge incorporarán inteligencia artificial para 2025.;Tech Research Online
;Casos de Uso Industrial;Un 80% de empresas manufactureras integrarán edge computing para monitoreo y predicción de fallos.;Tech Monitor
;Impacto en Agricultura Inteligente;Se espera que un 35% de granjas adopten tecnologías edge para optimizar recursos como agua y energía.;Tech Research Online
;Transmisión de Video en el Borde;60% del contenido de streaming se gestionará mediante soluciones edge para 2026.;Tech Monitor
;Servicios de Salud;Más del 70% de hospitales avanzados adoptarán edge para análisis de datos en tiempo real.;IEEE
;Implementación en Smart Cities;El 65% de las ciudades inteligentes usarán edge computing para sistemas de tráfico y energía.;IEEE
;Reducción de Costos;Las empresas reportan ahorros de hasta un 25% al procesar datos localmente en el borde, en lugar de depender solo de la nube.;Tech Research Online
